processing_ns,response_ns
113314736,120395752
163474192,213089271
158366941,208687643
133694213,179322635
170337243,226380608
159288034,205618964
149985930,198726455
144059460,191673771
18193878,43964685
11896562,52823687
25365036,111464494
14537919,42457397
27636088,149731807
20694847,142063201
6427963,12362438
11995501,109064777
17560301,100279046
11322409,52772579
26863297,73348510
7619983,13603191
8051565,13245570
5420917,5639102
5628071,5837640
6925210,7176439
5748521,5908356
9045646,9430127
7000293,7463635
9551549,9764825
9752681,10317827
8215486,10995607
7587471,10300584
9326311,12286825
9927955,10144438
12874564,13059927
8911561,10293852
11289266,12209197
7982113,8473087
9344475,10839611
5661014,5873769
5798575,6167408
5082694,5252587
6689572,6869885
6199729,6330659
6698880,6899792
6208476,6336921
5773529,5905821
7319842,7458135
6245736,6397826
5085709,5217429
5160211,5287764
6146419,6276687
5453940,5581153
6460807,6614870
7229840,7386118
5065952,5180550
9037220,9164192
7159306,7265949
8955154,9152440
9631912,9874113
9684552,9868853
12536520,12759875
5075641,5300629
12510682,12619939
12534787,12829949
8401390,8534594
5557818,5653680
10698673,10808511
11922400,12063009
11954963,12269752
9525839,9637763
5155583,5301621
8826780,8933613
5482855,5622041
10424651,10558856
11039922,11166743
5431437,5547749
10154727,10278082
4976502,5154500
6890725,7028918
14184807,14509424
5547819,5773088
12156947,12436209
9586405,9800223
9584361,10170908
5340153,5630657
18666637,19005802
6864075,7172421
21341678,21571075
9533404,9705753
24813816,25113097
25000612,25479724
9389881,9893009
22028155,22258784
6934378,10156630
24347480,24649073
12738424,12896675
12690623,13081387
9186995,10353014
4811507,4920976
4906068,5008872
4939802,5045554
4989065,5108042
5914136,6046338
19324158,19496847
6414237,6563251
21193847,22183751
22130029,22290755
9785254,10716687
9757852,10774387
11676604,13210353
25436802,25728047
16480217,16668324
8428501,10364636
9826913,10599092
9743854,10690226
12003966,14648570
26750783,26939422
23331946,24643743
4843538,4948348
4862044,4994727
4987773,5093624
5151644,5259179
4895708,5050433
15986186,16255478
6629969,6803208
9638224,9805382
9627524,9923487
9316311,10932488
21888910,25675346
9115499,9611333
24928476,25185464
21705421,22320822
9099418,11338800
9533043,13720944
7264536,7473554
8196169,8777425
14176962,18194268
22449637,23408251
9177737,11008021
5349151,5467316
5928422,6069712
5092141,5241776
5044160,5202321
6514449,6705923
4967374,5088905
6380063,6549005
6501574,6737724
8562567,9108917
8879680,9031949
8903876,9175182
9550025,9652260
9585123,9692778
7507318,11068836
9417404,11953300
9377227,12402375
9344866,9754155
11334422,13793442
7928029,8057696
8391802,9183148
13444148,13558124
5029713,5179538
5283456,5410468
6185923,6397035
5875322,6064082
9490733,10007166
9616452,10208699
20201458,25107245
24267938,24500059
9311943,9755236
11936027,14649933
25280144,29194844
26015393,26515435
28380324,29814735
18128062,19112676
25386526,26135593
10264926,19967623
9972169,20859240
9526060,16677050
9437231,18432862
17167413,24577297
9444846,9606924
4916307,5023481
4926276,5009775
5070320,5230635
6123975,6286425
5244431,5367766
6223185,6378671
4975800,5089857
6776097,9879453
6457450,6732183
9711734,9810161
10364818,10537075
11774510,11870482
8963300,9308466
19469926,19686739
10750952,13976231
7335982,13846183
11231106,14435604
7625924,14868579
15787758,19051800
